<?xml version="1.0" encoding="UTF-8"?>
<students>
	<student login="MitarAlex7" faculty="mmf">
		<name>Mitar Alex</name>
		<telephone>2456474</telephone>
		<address>
			<country>Belarus</country>
			<city>Minsk</city>
			<street>Kalinovsky 45</street>
			<student>adadsas</student>
		</address>
	</student>
	<student login="Pashkin5" faculty="mmf">
		<name>Pashkin Alex</name>
		<telephone>3453789</telephone>
		<address>
			<country>Belarus</country>
			<city>Brest</city>
			<street>Knorina 56</street>
			</address>
	</student>
</students>